lemma,score
отказываться,-1
забрасывать,-1
оставление,-1
авво,1
отведение,-1
отклоняться,-1
аберрация,-1
питать,-1
отвратительный,-1
способность,1
унижать,-1
ненормальный,-1
упразднять,-1
отмена,-1
отвратительный,-1
мерзость,-1
выкидывать,-1
аборт,-1
абортивный,-1
вышеупомягать,1
истирание,-1
упразднять,-1
абсцесса,-1
отсутствие,-1
нет,-1
отсутствовать,-1
абсентеизм,-1
абсолютный,1
отпущение,1
поглощать,1
абсурд,-1
нелепость,-1
изобилие,-1
изобилие,1
обильный,1
злоупотребление,-1
бездонный,-1
бездна,-1
академический,1
академия,1
приемлемо,1
принятие,1
доступный,1
авария,-1
случайный,-1
акколад,1
жилье,1
сопровождение,1
выполнять,1
осуществлять,1
достижение,1
согласие,1
подотчетность,1
подотчетный,1
аккредитовать,1
Accueil,1
точный,1
проклявать,-1
обвинение,-1
винительный,-1
обвинять,-1
обвинитель,-1
обвинение,-1
туз,1
боль,-1
достигать,1
достижение,1
болящий,-1
кислота,-1
подтверждение,1
приобретать,1
приобретение,1
акробат,1
действие,1
действать,-1
фактический,1
острота,1
сообразительность,1
адаптироваться,1
адаптироваться,1
сумматор,-1
зависимость,-1
адрес,1
искусный,1
достаточность,1
жировой,-1
выносить,-1
адъюнкт,1
замечательный,1
адмирал,1
восхищение,1
восхищаться,1
обожатель,1
допустить,1
замечание,-1
обожать,1
обожание,1
обожать,1
дрейфовать,-1
фальсифицировать,-1
прелюбодеяние,-1
продвижение,1
передовая,1
продвижение,1
преимущество,1
выгодный,1
приход,1
приключение,1
предприимчивый,1
состязательный,-1
неблагоприятный,-1
напасть,-1
рекомендовать,1
консультировать,1
консультант,1
пропаганда,1
эстетический,1
эстетика,1
приветливый,1
привязанность,1
аффилировать,1
утверждать,1
утверждение,1
утвердительный,1
утвердительно,1
тревожить,-1
страдать,-1
недуг,-1
наплыв,1
полноводный,1
позволять,1
оскорбление,-1
бояться,-1
отава,-1
осадок,-1
aga,1
усугублять,-1
ухудшать,-1
усугубление,-1
агрессия,-1
агрессивный,-1
агрессор,-1
ошеломлять,-1
проворный,1
проворство,1
взволновывать,-1
агитация,-1
мучительный,-1
агония,-1
давать,1
приятный,1
согласовывать,1
соглашаться,1
соглашение,1
сельский,1
на,-1
впереди,1
помощь,1
пособничество,1
Айывать,-1
больной,-1
бесцельный,-1
ария,-1
алебастр,1
аварийный,-1
тревожный,-1
алкоголизм,-1
настороженность,1
инопланетянин,-1
отчуждать,-1
отчуждать,-1
отчуждение,-1
питание,1
алимент,-1
в,1
смягчать,1
утверждение,-1
утверждать,-1
верность,1
аллегро,1
смягчать,1
облегчение,1
союзный,1
допустить,1
завлекать,1
заманчивый,1
союзник,1
всемогущий,1
алох,1
отчуждать,-1
перебранка,-1
удивительно,1
посол,1
двусмыслать,-1
амбиция,1
засада,-1
улучшать,1
аминь,1
поддаться,1
изменять,1
возмещение,1
удобство,1
любезный,1
дружный,1
амнезия,-1
амнистировать,1
любовь,1
амфетамин,-1
озадачивать,1
довольный,1
развлечение,1
забавный,1
анаконд,-1
анальный,-1
аналитик,1
анархизм,-1
анархист,-1
анархия,-1
анафем,-1
якорь,1
анкеровка,1
древний,-1
ангел,1
ангельский,1
гнев,-1
стенокардия,-1
ужение,-1
сердитый,-1
мучение,-1
оживлять,1
мультипликационный,1
злоба,-1
предубеждение,-1
аннигилировать,-1
уничтожать,-1
уничтожение,-1
раздражать,-1
досада,-1
раздражать,-1
кассировать,-1
упразднение,-1
аномалия,-1
анонимный,-1
антагонизм,-1
антагонист,-1
антагонистический,-1
сибирский,-1
антибиотик,1
антихрист,-1
антидот,1
противогрибковый,1
антипатия,-1
устарелый,-1
античный,1
антисептик,1
антиобщественный,-1
антитез,-1
тревожность,-1
озабочивать,-1
апаша,-1
апатичный,-1
апатия,-1
тля,-1
апломба,1
апологетический,1
приносить,1
апология,1
апостол,1
ужасать,-1
аппендицит,-1
аплодисменты,1
признательность,1
опасение,-1
опасаться,-1
апробация,1
присвоение,-1
утверждение,1
одобрять,1
утверждение,1
склонный,1
уместность,1
археология,1
архаичный,-1
пылкий,1
пыл,1
трудный,-1
спорить,-1
аргумент,-1
аргументировать,-1
засушливый,-1
аристократия,1
аристократический,1
вооружение,-1
вооружать,-1
вооружать,1
броня,1
аромат,1
пробуждать,1
предъявление,-1
массив,1
задолженность,-1
арестовывать,-1
высокомерие,-1
высокомерный,-1
мышьяк,-1
поджог,-1
изобразительный,1
артикулировать,1
сочленение,1
артиллерия,-1
ремесленник,1
артист,1
художественный,1
доминировать,1
восхождение,1
ясень,-1
совестно,-1
пепел,-1
стремление,1
стремиться,1
стремиться,1
жоп,-1
нападывать,-1
зачинщик,-1
убийца,-1
убивать,-1
убийство,-1
нападение,-1
сборка,1
соизволение,1
утверждать,1
актив,1
Мудак,-1
помощь,1
помощь,1
ассоциировать,1
успокаивать,1
гарантия,1
уверенный,1
изумительно,1
удивление,1
заблуждаться,-1
вяжущее,-1
астролог,1
космонавт,1
астроном,1
проницательный,1
убежище,-1
атеизм,-1
атеросклероз,-1
спортсмен,1
спортивный,1
атом,1
искупать,1
расплата,1
отвратительный,-1
зверство,-1
атрофия,-1
прикрепление,1
атака,-1
нападающий,-1
достижить,1
достижение,1
служитель,1
внимание,1
внимательный,1
ослаблять,-1
затухание,-1
удостоверять,1
адвокат,1
привлечение,1
привлекательность,1
дерзость,-1
увеличивать,1
августейать,1
тетка,1
аура,1
благоприятный,1
аскетический,-1
строгость,-1
аутентичный,1
подлинность,1
автор,1
авторитетный,1
власть,1
авторизация,1
уполномочать,1
самодержавный,-1
вскрытие,-1
лавина,-1
алчность,-1
аватар,1
мститель,-1
прочь,-1
антипатия,-1
избегать,-1
уклонение,-1
награда,1
ужасный,-1
неловкость,-1
косо,-1
а,1
да,1
лепть,-1
болтовня,-1
бабуин,-1
детка,1
степень,1
позвоночник,1
назад,-1
назад,-1
заводь,-1
бактерия,-1
бактерия,-1
плохо,-1
барсук,-1
плохо,-1
негодность,-1
судебный,-1
приманка,-1
баланс,1
балансировать,1
тюк,-1
брус,-1
баллада,1
балет,1
голосование,1
бальз,-1
бальз,1
бальз,1
запрет,-1
бандить,-1
отрава,-1
бы,-1
сосиска,-1
отгонять,-1
изгнать,-1
высылка,-1
банкрот,-1
банкротство,-1
банкет,1
сирена,-1
крещение,1
крестильный,1
бородка,-1
варвар,-1
варварский,-1
варварство,-1
бард,1
сделка,1
лай,-1
запрещать,-1
бесплодный,-1
баррикада,-1
барьер,-1
необоснованный,-1
баскетбол,1
ублюдок,-1
бастион,1
ванна,1
долбить,-1
разбивать,-1
аккумулятора,-1
боевой,-1
бороться,-1
поле,-1
похабный,-1
штыковой,-1
луч,1
лучезарный,1
податель,-1
зверь,-1
зверский,-1
битье,-1
благоустройство,1
красивый,1
украшать,1
красота,1
коренный,1
пиво,1
случаться,-1
подходить,1
помогать,1
очень,-1
нищий,-1
нищенство,-1
бегемота,-1
признательный,-1
запоздалый,-1
полагать,1
умалять,-1
воинствать,-1
ремень,-1
клещи,-1
благодетель,1
выгодный,1
выгода,1
благожелательность,1
доброкачествать,1
скорбеть,-1
тяжелый,-1
лишать,-1
неистовый,-1
спальный,1
развратный,-1
предавать,-1
предательство,-1
обручать,1
улучшение,1
напиток,1
остерегаться,-1
озадачивать,-1
смещение,-1
пристрастный,-1
библейский,1
ссора,-1
одр,-1
изувер,-1
нетерпимый,-1
желчь,-1
двуязычный,1
биопсия,-1
береза,-1
рождение,1
день,1
место,-1
сука,-1
укусить,-1
горький,-1
горечь,-1
эксцентричный,-1
черный,-1
Блэк,-1
шантажировать,-1
чернота,-1
вина,-1
безупречный,1
ласковый,-1
богохульный,-1
богохульство,-1
взрыв,-1
вопиющий,-1
болтовня,-1
полыхать,-1
мрачный,-1
кровотечение,-1
порок,-1
благословлять,1
благословать,1
благословение,1
благословение,1
отравлять,-1
омрачать,-1
слепой,-1
ослеплять,-1
слепо,-1
слепота,-1
блаженство,1
блажать,1
волдырь,-1
раздутый,-1
капля,-1
блокада,-1
бескровный,1
кровопролитие,-1
кровожадный,-1
кровавый,-1
цветение,1
цвесть,1
пятно,-1
воздуходувка,-1
дуть,-1
блюз,-1
утес,-1
просчет,-1
пятно,-1
размывать,-1
румянец,-1
хвастовство,-1
хвастовство,1
хвастовство,-1
телохранитель,1
трясина,-1
фиктивный,-1
кипятить,-1
шаблонный,-1
неистовый,-1
неистовый,1
жирный,1
смелость,1
поддерживать,1
бомбить,-1
бомбардировать,-1
бомбардировка,-1
бомбил,-1
золотой,1
зависимость,-1
облигация,-1
бонна,1
бонус,1
ба,-1
балбо,-1
книжный,1
книжный,1
библиофила,-1
библиофила,1
благодеяние,1
выпивка,-1
расточка,-1
скука,-1
скучный,-1
заемщик,-1
беспокоить,-1
утруждать,-1
дно,-1
связывать,-1
обильный,1
щедрость,1
букет,1
бой,-1
бычий,-1
мальчик,-1
бойкотировать,-1
хвастать,-1
мозг,1
бренди,-1
бравада,-1
храбрость,1
скандаливать,-1
наглый,-1
нарушение,-1
ломать,-1
завтрак,1
головокружительный,-1
расставаться,-1
взятка,-1
взяточничество,-1
свадебный,1
невеста,1
жених,1
подружка,1
бригада,-1
сиять,1
яркость,1
блестящий,1
сер,-1
щетина,-1
бортовой,-1
парча,1
жарить,-1
ломать,-1
ломать,-1
бордель,-1
брат,1
братство,1
братский,1
синяк,-1
главный,-1
зверский,-1
зверство,-1
скотина,-1
доллар,-1
доллар,1
дружище,1
буфета,-1
ошибка,-1
пугать,-1
строить,1
здание,1
луковичный,-1
бульдог,1
пуленепробиваемый,1
задира,-1
бомж,-1
лентять,-1
буе,1
обременительный,-1
бюрократия,-1
бюрократ,-1
взломщик,-1
кража,-1
захоронение,-1
хоронить,-1
мять,-1
сжигать,-1
звонкий,1
лопаться,-1
мясник,-1
дворецкий,1
приклад,-1
маслянистый,1
добродушный,1
жужжание,1
жужжать,-1
такси,1
интрига,-1
кабинет,1
какофония,-1
х,-1
труп,-1
кафе,1
клетка,-1
расчет,-1
калькулятор,1
теленок,1
черствый,-1
звонок,-1
спокойный,1
агитация,-1
канарейка,1
отмена,-1
рака,-1
беспристрастный,1
кандидат,1
засахаривать,1
стомащать,-1
каннибал,-1
людоедство,-1
пушка,-1
капиталистический,1
капитан,1
пленять,1
пленительный,1
пленник,-1
неволя,-1
капер,-1
захватывать,-1
туша,-1
карцином,-1
кардиомиопатия,-1
карьера,1
осторожный,1
внимательно,1
небрежность,-1
ласка,1
смотритель,1
карикатура,-1
кариес,-1
резня,-1
плотский,-1
плотоядный,-1
Кэрол,1
картель,-1
каскад,1
дело,-1
денежный,1
шкатулка,-1
каста,-1
несчастный,-1
катаракта,-1
катастрофа,-1
категорический,1
угождать,1
слабительный,1
кафедральный,1
катетер,-1
осторожность,-1
осторожный,1
осторожно,1
уступать,-1
знаменитый,1
праздновать,1
праздник,1
знаменитость,-1
знаменитость,1
астрономический,1
кладбище,-1
цензор,-1
порицание,-1
центр,1
центурион,1
церебральный,1
церемония,1
определенность,1
налог,-1
прекращение,-1
высевка,-1
растирание,-1
огорчение,-1
председатель,1
председательница,1
вызов,-1
чемпион,1
песнопение,1
хаос,-1
хаотичный,-1
шарад,-1
оплата,-1
зарядный,1
благотворительный,1
благотворительный,1
очарование,1
чаровать,-1
чаровать,1
обаятельный,1
гнать,-1
наказание,-1
целомудрие,1
болтовня,1
болтливый,-1
дешево,-1
мошенничать,-1
контрольный,1
ур,1
веселый,1
бодрость,1
ободрять,1
бодрый,1
чизкейк,-1
химик,1
лелеять,1
вишня,1
придираться,-1
атаман,1
ребенок,1
детство,1
детский,-1
зябко,-1
чириканье,1
долото,1
рыцарство,1
хлороформа,-1
шоколад,1
выбор,1
хор,1
удушение,-1
холера,-1
нарубивать,-1
хоровой,1
случайный,-1
хор,1
выбирать,1
густой,1
хронический,-1
хроника,1
посмеиваться,1
церковь,1
сидр,1
сигарета,-1
обрезание,1
обход,-1
обход,1
гражданин,1
гражданской,1
любезность,1
цивилизация,1
цивилизовать,1
ясновидить,1
ропот,-1
хлопать,1
прояснять,1
столкновение,-1
сталкиваться,-1
классический,1
классический,1
классика,1
классифицировать,1
коготь,-1
чистый,1
уборка,1
чистота,1
чисто,1
чистить,1
очищать,1
зазор,1
ясность,1
конторский,1
умный,1
одаренность,1
кульминация,1
монастырь,-1
близость,1
закрытие,1
облекать,1
дымчимать,-1
облачность,-1
клоун,1
глыба,-1
топорный,-1
коалиция,1
берег,1
кокаина,-1
принуждать,-1
принуждение,-1
сосуществовать,1
гроб,-1
убедительный,1
познавательный,1
согласованность,1
последовательный,1
плочеть,1
холодно,-1
холодно,-1
холодность,-1
колика,-1
коллапс,-1
коллективно,1
столкновение,-1
сговор,-1
полковник,1
колоссальный,1
комо,-1
коматозный,-1
бой,-1
строева,-1
драчливый,-1
комфорт,1
комендант,1
командующий,1
чтить,1
поминовение,1
памятный,1
рекомендовать,1
похвальный,1
комментатор,1
совершение,-1
привержать,1
коммодор,1
содружество,1
заварух,-1
общаться,1
коммуникативный,1
общение,1
коммунизм,-1
коммунист,-1
сообщество,1
коммутация,1
ездить,1
компаньон,1
сострадание,1
сострадательный,1
совместимость,1
совместать,1
неотразимый,1
компенсировать,1
компенсационный,1
компетентность,1
правомочность,1
компетентный,1
соревнование,-1
самодовольство,1
жаловаться,-1
жалоба,-1
дополнение,1
дополнительный,1
полность,1
полнота,1
комплектующая,1
завершение,1
в,-1
сложность,-1
соблюдение,1
уступчивый,1
усложнять,-1
сложно,-1
усложнение,-1
соучастие,-1
соучастие,1
комплимент,1
состоять,1
композитор,1
компост,-1
хладнокровие,1
постигать,1
комплексный,1
принуждение,-1
обязательный,-1
товарищ,1
скрывать,-1
скрывать,-1
маскировка,-1
тщеславие,-1
тщеславный,-1
концентрический,1
соглашательство,1
итоговый,1
созвучие,1
согласование,1
сотрясение,-1
осуждать,-1
осуждение,-1
снисходительный,-1
снисходительность,-1
соболезнование,1
освобождать,1
способствовать,1
проводимость,1
конфедерат,1
исповедовать,-1
исповедовать,1
признание,-1
уверенность,1
уверенный,1
ограничивать,-1
ограничивать,-1
лишение,-1
подтверждать,1
конфисковывать,-1
конфискация,-1
пожарище,-1
конфликт,-1
противоречивый,-1
соответствие,1
смешивать,-1
срамить,-1
путать,-1
путаница,-1
конгениальный,1
перегруженность,-1
поздравительный,1
конгрегация,1
конгруэнтность,1
колдовать,-1
знаток,1
покорение,-1
совесть,1
добросовестный,1
сознание,1
освящение,1
сохранение,1
консервировать,1
значительный,1
внимательный,1
консистенция,1
консоль,1
согласный,1
заговорщик,-1
сговариваться,-1
постоянство,1
постоянная,1
испуг,-1
запор,-1
конституционный,1
сдерживать,-1
ограничивать,-1
ограничение,-1
сооружать,1
консуммировать,1
контакт,1
зараза,-1
заразительный,-1
загрязнять,-1
загрязнять,-1
загрязнение,-1
созерцание,1
презрение,-1
презрать,-1
презрительный,-1
содержание,1
сварливый,-1
продолжать,1
контур,1
контрабанда,-1
контракт,-1
противоречить,-1
противоречие,-1
противоречивый,-1
вопрек,-1
контрастировать,-1
нарушать,-1
нарушение,-1
делать,1
участник,1
спорный,-1
полемика,-1
удобство,1
удобный,1
монастырь,1
условность,1
сведуть,1
диалоговый,1
конвертировать,1
осуждать,-1
убеждение,-1
убеждать,1
круто,1
прохлада,1
курятник,-1
сотрудничать,1
взаимодействовать,1
сотрудничество,1
кооператив,1
копия,-1
обезьяна,-1
ядро,1
коронация,1
коронер,-1
телесный,-1
корпорация,1
телесный,1
труп,-1
коррекция,-1
корректив,1
переписка,1
подкреплять,1
коррозия,-1
коррозионный,-1
продажный,-1
развращать,-1
коррупция,-1
космополит,1
уютный,1
кашель,-1
совет,1
адвокат,1
консультант,-1
консультант,1
подсчитывать,1
графиня,1
мужество,1
отважный,1
охота,-1
учтивый,1
учтивость,1
ухаживание,1
бухточка,1
завет,1
жаждать,-1
трусы,-1
трусость,-1
трусливый,-1
раздражительный,-1
трещина,-1
треснуть,-1
растрескивание,-1
колыбель,1
ремесло,1
ремесленник,1
судорога,-1
ограничивать,-1
кривошип,-1
капризный,-1
дерьмо,-1
авария,-1
ползать,-1
сумасшедший,-1
псий,-1
скрипучий,-1
крь,1
создавать,1
творческий,1
существо,-1
доверие,1
мандат,1
правдоподобие,1
заслуживать,1
кредит,1
похвальный,1
зачислена,1
ползать,-1
крещендо,1
преступление,-1
преступник,-1
преступность,-1
съеживаться,-1
калечить,-1
калек,-1
кризис,-1
хрустеть,-1
критик,-1
критик,-1
критиковать,-1
рецензия,1
плут,-1
пересекать,-1
Крадущийся,-1
венчать,1
ключевой,1
крестообразный,-1
распятие,-1
сырой,-1
жестокий,-1
жестоко,-1
жестокость,-1
рушиться,-1
хруст,-1
крестовый,-1
раздавливать,-1
дробление,-1
раздражительный,-1
плакать,-1
плач,-1
крипт,-1
кристалл,1
рогоносец,-1
кукушка,-1
прижиматься,1
кулинарный,1
браковывать,-1
кульминация,1
виновность,-1
виновный,-1
преступник,-1
культ,-1
культивировать,1
культурный,1
выращивание,1
культура,1
громоздкий,-1
хитрость,-1
хитрость,1
применение,-1
дворняжка,-1
излечивать,1
любопытство,1
локно,1
проклятие,-1
проклить,-1
чертыхаться,-1
беглый,-1
дивать,1
клиент,1
милый,1
резак,-1
резак,1
беспощадный,-1
резко,-1
цианид,-1
циклон,-1
киста,-1
вирус,-1
вмешивать,-1
демон,-1
бесшабашный,-1
кинжать,-1
наносить,-1
убыток,-1
дама,1
черт,-1
проклятие,-1
проклявать,-1
демпфера,-1
танец,1
перхоть,-1
денди,-1
опасность,-1
опасный,-1
отважный,1
темнеть,-1
темнеть,-1
темнота,-1
дорога,1
пунктирный,-1
лиха,1
подлый,-1
дочь,1
рассвет,1
изумлять,-1
дезактивировать,-1
тупик,-1
смертоносный,-1
глуха,-1
по,1
уважать,1
смерть,-1
ледоход,-1
обсуждение,1
разврат,-1
мусор,-1
долг,-1
должник,-1
распад,-1
гнилой,-1
умерать,-1
обман,-1
лживый,-1
обманывать,-1
обматывать,-1
обман,-1
порядочность,1
порядочный,1
обман,-1
обманчивый,-1
декларативный,1
склонение,-1
снижение,-1
отказ,-1
разложение,-1
снижение,-1
декремент,-1
дряхлый,-1
порицать,-1
самоотверженность,1
вычитать,-1
диффамация,-1
клеветнический,-1
по,-1
поражение,-1
побеждать,-1
дефект,-1
отступничество,-1
дефектный,-1
защищать,1
защищать,1
защитник,1
защита,1
защита,1
беззащитный,-1
почтительный,1
отсрочка,-1
неповиновение,-1
дерзкий,-1
дефицит,-1
дефицит,-1
окончательный,1
выкачивать,-1
дефляция,-1
деформировать,-1
уродливый,-1
уродство,-1
выманивать,-1
умерать,-1
игнорировать,-1
вырождение,-1
вырождаться,-1
деградация,-1
деградировать,-1
унижать,-1
степень,1
задержк,-1
задерживаться,-1
прелестный,1
делегат,1
вредный,-1
удаление,-1
преднамерать,1
вкусно,1
восторг,1
Обрадовать,1
восхитительный,1
просрочка,-1
правонарушитель,-1
бредовый,-1
бред,-1
избавление,1
доставка,1
потоп,-1
наваждение,-1
бредовый,-1
спрос,-1
требовательный,-1
безумный,-1
слабоумие,-1
кончина,-1
демократия,1
носить,-1
снос,-1
демон,-1
демонический,-1
доказуть,1
демонстративный,1
деморализовать,-1
отказ,-1
отказывать,-1
денонсировать,-1
денонсация,-1
отрицать,-1
отрицать,-1
отбывать,-1
выать,-1
зависимость,-1
зависимость,-1
зависимый,-1
зависимый,1
прискорбный,-1
оплакивать,-1
депортировать,-1
депортация,-1
развращать,-1
развращенность,-1
амортизировать,-1
амортизироваться,-1
амортизация,-1
угнетывать,-1
давить,-1
унылый,-1
депрессия,-1
депрессивный,-1
лишение,-1
глубина,1
ненормальный,-1
покигивать,-1
осмеяние,-1
умаление,-1
уничижительный,-1
описательный,1
осквернение,-1
пустыня,-1
пустынный,-1
оставление,-1
заслуживать,1
заслуживать,1
дизайнер,1
желательный,1
желать,1
жаждущий,1
воздерживаться,-1
опустошение,-1
отчаяние,-1
отчаяться,-1
отчаянный,-1
презрать,-1
презирать,-1
деспотический,-1
деспотизм,-1
место,1
нуждаться,-1
разрушать,-1
разрушитель,-1
разрушать,-1
разрушение,-1
разрушительный,-1
отслойка,-1
задерживать,-1
держать,-1
обнаруживать,1
обнаружение,1
задержание,-1
ухудшать,-1
ухудшаться,-1
ухудшение,-1
определение,1
определять,1
ненавидеть,-1
детонировать,-1
умалять,-1
ущерб,-1
вредный,-1
детрит,-1
опустошать,-1
разрушительный,-1
опустошение,-1
развивать,1
дьявол,-1
дьявольский,-1
окольный,-1
деволюция,-1
набожный,1
пожирать,-1
благочестивый,1
ловкость,1
дьявольский,-1
диагностика,-1
бриллиант,1
дневник,1
диатриб,-1
диктатор,-1
диктаторский,-1
диктатура,-1
словарь,1
дидактический,1
умирать,-1
диетический,1
сложность,-1
трудность,-1
величавый,1
достоинство,1
отступать,-1
полуразрушать,-1
старательность,1
разбавлять,-1
уменьшать,-1
уменьшать,-1
шум,-1
ужин,1
дипломатия,1
дипломатичный,1
ужасный,-1
директор,1
грязь,-1
грязный,-1
инвалидность,-1
запрещать,-1
отключать,-1
недружелюбный,-1
не,-1
несогласие,-1
разногласие,-1
запрещать,-1
разочаровывать,-1
разочаровывать,-1
разочаровывать,-1
разочарование,-1
неодобрение,-1
не,-1
отклонять,-1
неодобрительный,-1
катастрофа,-1
гибельный,-1
не,-1
выброс,-1
разряд,-1
дисциплина,-1
отказываться,-1
обесцвечивание,-1
обесцвечеть,-1
дискомфорт,-1
отключать,-1
отсоединять,-1
отключение,-1
недовольство,-1
прекращать,-1
разрыв,-1
диссонанс,-1
отговаривать,-1
уныние,-1
открытие,1
дискредитировать,-1
держать,1
осмотрительность,1
дискрециоть,1
дискриминировать,-1
разборчивый,-1
дискриминация,-1
обсуждение,1
презирать,-1
болезнь,-1
заболевать,-1
бестелесный,-1
расцепление,-1
изуродовать,-1
бесчестие,-1
опальный,-1
позорный,-1
раздражать,-1
отвращение,-1
отвратительный,-1
обескураживать,-1
обескураживать,-1
нечестный,-1
нечестность,-1
бесчестие,-1
разочарованность,-1
дезинфекция,1
дезинформация,-1
лицемерный,-1
распадаться,-1
дезинтеграция,-1
бескорыстный,-1
нелюбовь,-1
нелюбимое,-1
дислоцировать,-1
гнетущий,-1
испуг,-1
расчленение,-1
увольнение,-1
непослушание,-1
непослушный,-1
не,-1
расстройство,-1
беспорядочный,-1
дезорганизовывать,-1
принижать,-1
пренебрежительный,-1
несоответствие,-1
бесстрастный,-1
рассеивать,-1
дисперсия,-1
вытеснять,-1
недовольный,-1
неудовольствие,-1
удаление,-1
располагать,1
обездоливать,-1
спор,-1
дисквалификация,-1
дисквалифицировать,-1
дисквалифицировать,-1
невнимание,-1
игнорировать,-1
постыдный,-1
неуважение,-1
непочтительный,-1
нарушение,-1
неудовлетворенность,-1
распространять,1
разногласие,-1
отколоться,-1
вред,-1
диссидент,-1
растворение,-1
диссонанс,-1
отвращение,-1
неприятный,-1
дистилляция,1
различие,1
искажать,-1
искажение,-1
отвлекать,-1
отвлекать,-1
отвлекать,-1
отвлечение,-1
обезумевать,-1
бедствие,-1
бедствать,-1
огорчительный,-1
недоверие,-1
нарушение,-1
нарушать,-1
неиспользование,-1
выходить,-1
песенка,1
расходиться,-1
разнообразный,-1
разнообразный,1
многоотраслева,1
отвлечение,1
лишать,-1
лишение,-1
божественность,1
развод,-1
головокружение,-1
голова,-1
состыковываться,-1
врач,1
деятель,1
упрять,1
сделать,-1
дурной,-1
пособие,-1
боль,-1
дельфин,1
доминировать,-1
доминировать,-1
доминировать,1
доминирование,-1
дно,1
пожертвование,1
осаживаться,-1
болван,-1
гибель,-1
обречать,-1
конец,-1
сомнение,-1
сомнительный,-1
сомневаться,-1
несомненно,1
душа,-1
непреклонный,-1
голубь,1
ниспровержение,-1
пуховый,1
однообразный,-1
дренаж,-1
недостаток,-1
страшиться,-1
ужасный,-1
ужасно,-1
тоскливый,-1
питьевой,-1
бессмыслица,-1
трутень,-1
изнеможать,-1
засуха,-1
тонуть,-1
сонливость,-1
нудный,-1
пьяный,-1
пьянство,-1
сомнительный,-1
дуэт,1
герцог,1
скучный,-1
тупой,-1
фиктивный,-1
отвал,-1
надоедать,-1
подземелье,-1
простофиль,-1
двуличность,-1
долговечность,1
прочный,1
принуждение,-1
пыль,-1
покорный,1
карликовый,-1
умирать,-1
дизентерия,-1
нетерпеливый,1
рвение,1
граф,1
зарабатывать,1
ревностный,1
серьезно,1
серьезность,1
землетрясение,-1
легкость,1
сервитут,1
с,1
быть,1
подслушивание,-1
экстаз,1
экстатический,1
эдикт,-1
назидание,1
воспитывать,1
образовавать,1
образование,1
эффективный,1
женоподобный,-1
эффективность,1
эффективность,1
эффективный,1
усилие,1
самовлюбленный,-1
вопиющий,-1
эякуляция,1
выталкивать,-1
выбрасывание,-1
разработка,1
ликующий,1
старший,1
старейшина,1
избирать,1
электрический,1
электричество,1
элегантность,1
элегантный,1
высота,1
право,1
устранение,-1
элита,1
красноречие,1
красноречивый,1
разъяснять,1
неуловимый,-1
истощать,-1
эмансипация,1
эмбарго,-1
смущать,-1
затруднительный,-1
конфуз,-1
растрата,-1
эмболия,-1
охватывать,1
втягивать,-1
крайний,-1
заслуживать,1
высокопреосвященство,1
выдающийся,1
в,1
эмир,1
сопереживание,1
уполномочивывать,1
подражать,1
включать,1
enablement,1
очаровывать,1
чаровать,1
феерический,1
анклав,-1
бис,1
поощрять,1
поощрение,1
посягательство,-1
обременение,-1
энциклопедия,1
подвергать,-1
находиться,-1
прилагать,1
эндемический,-1
бесконечный,-1
бесконечный,1
наделять,1
наделять,1
дарование,1
выносливость,1
терпеть,1
враг,-1
энергичный,1
обеспечивать,-1
обеспечивать,1
правоприменение,-1
занимать,1
обаятельный,1
усиливать,1
загадочный,-1
наслаждаться,1
наслаждаться,1
просвечивать,1
просветление,1
оживлять,1
враждебность,-1
обогащавать,1
ансамбль,1
прапорщик,1
порабощать,-1
порабощать,-1
порабощение,-1
запутывать,-1
запутывание,-1
предприимчивый,1
развлекать,1
развлекаться,1
развлекательный,1
развлекательный,1
энтузиазм,1
энтузиаст,1
внутренность,-1
завистливый,-1
окружать,1
эфемерид,1
эпический,1
эпидемие,-1
эпилепсия,-1
олицетворение,1
равенство,1
в,1
равновесие,1
капитал,1
искоренять,-1
искоренение,-1
тирать,-1
эрозия,-1
эротический,-1
эротический,1
заблуждаться,-1
поручение,1
блуждать,-1
неустойчивый,-1
опечатка,-1
ошибочный,-1
ошибка,-1
эрудировать,1
прорезываться,-1
извержение,-1
обострять,-1
побег,-1
побег,1
сторониться,-1
шпионаж,-1
остроумие,1
существать,1
устанавливать,1
читать,1
эстетический,1
раздельно,-1
этический,1
этика,1
эвтаназие,-1
эвакуировать,-1
эвакуация,-1
уклоняться,-1
уклонение,-1
вечнозеленый,1
вечный,1
выселять,-1
выселение,-1
очевидный,1
зло,-1
эволюция,1
обострять,-1
обострение,-1
требовательный,-1
преувеличивать,-1
преувеличивать,-1
сгущать,1
экзальтация,1
возвышать,1
экспертиза,-1
озлобление,-1
земляный,-1
превышать,1
превосходить,1
превосходство,1
отлично,1
избыток,-1
обмен,1
акцизный,-1
возбудить,1
возбужденье,1
возбуждать,1
в,1
волнение,1
захватывающе,1
исключать,-1
без,-1
исключение,-1
экскременты,-1
мучительный,-1
оправдание,-1
выполнение,-1
палач,-1
образцовый,1
освобождение,1
выпускна,-1
измучивать,-1
истощение,-1
веселость,1
увещевать,1
увещевание,1
требовательный,-1
ссыльный,-1
существование,1
экзорсизм,-1
экзотический,1
эмигрант,-1
ожидать,1
ожидание,1
целесообразный,1
экспедиция,1
высылать,-1
расход,-1
затрата,-1
опытный,1
эксперт,1
экспертиза,1
истекать,-1
истекать,-1
объяснять,1
брать,-1
взрывать,-1
взрыв,-1
взрывная,-1
подвергаться,-1
экспроприацие,-1
высылка,-1
утончать,1
изысканно,1
простираться,1
экстенсивный,1
истреблять,-1
истребление,-1
потухать,-1
тушить,-1
дополнительный,1
внесудебный,-1
необычайный,1
оконечность,-1
выпутываться,1
изобилие,1
фабриковать,-1
изготовление,-1
содействовать,1
факт,1
факультет,1
увядать,-1
кал,-1
провал,-1
отказ,-1
склонный,1
обморок,-1
справедливый,1
довольно,1
вера,1
верный,1
вероломный,-1
не,-1
падать,-1
ошибочный,-1
ошибочность,-1
ошибочный,-1
падение,-1
пар,-1
ложность,-1
ложно,-1
фальсификация,-1
фальсифицировать,-1
ложность,-1
спотыкаться,-1
известность,1
знакомый,1
знакомство,1
голод,-1
известный,1
лихо,1
фанатик,-1
маскарадный,1
фанфара,1
фарс,-1
смехотворный,-1
очаровательный,1
очарование,1
модный,1
голодание,-1
жир,-1
фатальный,-1
фатальность,-1
судьба,-1
усталость,-1
усталый,-1
жирный,-1
придираться,-1
безошибочный,1
дефектный,-1
благоприятный,1
любить,1
фаворитизм,1
желтовато-,-1
страх,-1
напугать,-1
ужасно,-1
опасаться,-1
бесстрашный,1
подвиг,1
особенность,1
лихорадочный,-1
фекальный,-1
фекалия,-1
плата,-1
слабый,-1
чувство,-1
чувство,1
притворный,-1
меткость,1
падать,-1
человек,1
товарищество,1
панариция,-1
фелония,-1
женский,1
брожение,-1
свирепый,-1
свирепость,-1
плодородный,1
горячность,1
фестиваль,1
праздничный,1
именины,1
междоусобица,-1
феодальный,-1
феодализм,-1
лихорадочный,-1
фиаско,-1
выдумка,-1
непостоянный,-1
фиктивный,-1
верность,1
изверг,-1
свирепый,-1
фиест,1
борьба,-1
борьба,-1
пират,-1
гадость,-1
отвратительный,-1
в,1
украшение,1
тонкость,1
огнестрельный,-1
огненный,1
огнеупорный,1
твердость,1
первенец,1
припадок,-1
примерка,1
приспособление,1
дряблый,-1
вялый,-1
маркировка,-1
вопиющий,-1
расслаиваться,-1
створка,-1
лестный,1
метеоризм,-1
выставлять,-1
изъян,-1
блох,-1
бежать,-1
руно,-1
флот,1
мясистый,-1
гибкость,1
вздрогнуть,-1
флиртовать,-1
флиртовать,1
сечь,-1
провал,-1
цветочный,1
камбал,-1
течь,1
цветистый,1
грипп,-1
флуктуация,-1
промывать,1
летать,1
фокус,1
недоброжелатель,-1
украшать,-1
безрассудство,-1
любовь,1
питание,1
дурачать,-1
глупый,-1
безрассудство,-1
футбол,1
фураж,-1
набег,-1
воздержанность,1
запрещать,-1
запрещать,-1
сила,-1
принудительный,-1
принудительно,-1
носовой,1
предчувствие,-1
предрешать,-1
предок,1
предшествовать,-1
вышеупомягать,1
иностранный,-1
иностранец,-1
мастер,1
предвестник,1
предвижать,1
предвидать,1
предвидение,1
предупреждать,-1
утрачивать,-1
утрачивать,-1
конфискация,-1
ковывать,1
подлог,-1
забывать,-1
прощать,1
прощать,1
всепрощать,1
забывать,-1
покигивать,-1
созидательный,1
бесформенный,-1
формула,1
блуд,-1
оставлять,-1
покигивать,-1
форте,1
предстоять,1
укреплять,1
сила,1
крепость,1
удачливый,1
состояние,1
вперед,1
фол,-1
находить,1
фонд,1
перелом,-1
хрупкий,-1
душисвать,1
хрупкость,-1
откровать,1
откровенность,1
неистовый,-1
братский,1
мошенничество,-1
мошеннический,-1
чреватый,-1
изнашиваться,-1
изнашивать,-1
капризный,-1
свобода,1
свободно,1
заморозка,-1
неистовый,-1
взбешать,-1
неистовство,-1
размывать,-1
друг,1
дружелюбие,1
дружелюбный,1
дружба,1
испуг,-1
стращать,-1
испугывать,-1
ужасный,-1
фригидный,-1
резвый,1
легкомыслать,-1
резвость,1
отморожять,-1
пена,-1
нахмуриться,-1
угрожать,-1
скудный,1
плодотворный,1
бесплодный,-1
срывать,-1
несостояться,-1
разочарование,-1
помадка,-1
беглец,-1
выполнять,1
выполнение,1
полный,1
в,1
шарить,-1
дымить,-1
дымящ,-1
весело,1
фундаментальный,1
грибок,-1
испуг,-1
яростный,-1
фурор,-1
неистовство,-1
предохранитель,1
слияние,1
суетиться,-1
суетливый,-1
бесполезный,-1
бесполезность,-1
простофиль,-1
кляп,-1
усиление,1
получение,1
желчь,-1
галантный,1
галантность,1
виселица,-1
в,1
авантюра,-1
азартный,-1
игорный,-1
банда,-1
тюремный,-1
разрыв,-1
мусор,-1
сад,1
показная,-1
граната,1
гарнир,-1
гарнизон,1
запить,-1
затруднивать,-1
неловкий,-1
тощий,-1
бюллетень,1
шестерня,1
драгоценный,1
генеральный,1
щедрость,1
великодушный,1
добродушный,1
гениальность,1
джентльмен,-1
благовоспитать,1
джентльмен,1
мягкость,1
дворянство,1
подлинный,1
герань,1
гериатрический,-1
ужасный,-1
гетто,-1
призрачный,-1
тарабарщина,-1
подарок,1
одаривать,1
гигантский,1
хихикать,1
бал,1
давать,1
ледниковый,-1
довольный,1
радость,1
яркий,-1
вопиющий,-1
ликование,1
бойкий,-1
скольжение,1
мерцание,1
сверкать,1
мрачность,-1
мрачный,-1
прославление,1
прославлять,1
слава,1
блеск,1
пылать,1
пылать,1
угрють,-1
перенасыщение,-1
прожорливость,-1
гн,-1
гоблин,-1
бог,1
безбожный,-1
благочестивый,1
находка,1
золото,1
гонорея,-1
липкая,-1
хорошо,1
красивый,1
доброта,1
товар,1
доброжелательность,1
ластовица,-1
теснин,-1
безумно,1
горилла,-1
окровавливать,-1
евангелие,1
слух,-1
выдалбливать,-1
подагр,-1
править,1
правительство,-1
грейфера,-1
грейс,1
изящный,1
милостивый,1
любезно,1
градация,1
внучата,1
грандиозность,1
бабушка,1
даровать,1
предоставлять,1
захватывать,-1
решетка,-1
тервать,-1
благодарный,1
потворствовать,1
решетка,-1
благодарность,1
могила,-1
большой,1
величие,1
жадность,-1
жадный,-1
зеленый,1
приветствие,1
стадный,1
граната,-1
горе,-1
обида,-1
горевать,-1
мучительный,-1
мрачный,-1
грязнять,-1
чумазый,-1
усмешка,1
шлифовка,-1
скверный,-1
помол,1
зернистость,1
гризль,-1
стон,-1
нащупывать,-1
валовой,-1
гротеск,-1
заземлять,-1
необоснованный,-1
фундамент,1
расти,1
рычание,-1
рычать,-1
рост,1
недоброжелательство,-1
нехоть,-1
отвратительный,-1
грубоватый,-1
ворчать,-1
сердитый,-1
гарантия,1
охрана,1
опекун,1
попечительство,1
губернаторский,1
партизанский,-1
руководство,1
руководство,1
путеводитель,1
коварство,-1
гильотина,-1
вина,-1
виновный,-1
личина,-1
чайка,-1
легковерный,-1
пистолет,-1
гуру,1
фонтанировать,-1
кишка,1
поглощать,-1
гимнаст,1
цыганский,-1
естественный,1
карг,-1
измождать,-1
град,-1
град,1
волосатый,-1
здоровый,1
наполовину,-1
галлюцинация,-1
недоуздка,-1
запинаться,-1
затруднять,-1
калечить,-1
гандикап,-1
удобный,1
подвешивание,-1
палач,-1
счастливо,1
счастье,1
счастливый,1
изводить,-1
предвестник,-1
закаливать,-1
твердость,-1
лишение,-1
выносливый,1
проститутка,-1
вред,-1
вредный,-1
гармонично,1
гармония,1
боронование,-1
Гарри,-1
резкость,-1
уборка,1
гашиш,-1
гашиш,-1
поспешный,-1
ненавидеть,-1
ненавистный,-1
ненавидь,-1
ненависть,-1
надмать,-1
преследовать,-1
часто,-1
убежище,1
опустошение,-1
опасность,-1
опасный,-1
мгла,-1
головной,-1
продвижение,1
пьянеть,-1
излечивать,1
исцеление,1
целебный,1
здоровый,1
слух,-1
молва,-1
катафалк,-1
боль,-1
изжога,-1
чувствовать,1
топка,1
от,1
бессердечный,-1
язычник,-1
небесный,1
небо,1
сильно,-1
гедонизм,-1
гедонизм,1
пятка,-1
приподнимать,1
повышать,-1
отвратительный,-1
ада,-1
адский,-1
шлем,1
помощник,1
полезный,1
беспомощный,-1
беспомощность,-1
кровоизлияние,-1
геморрой,-1
травяна,1
ерься,-1
еретик,-1
гермафродить,-1
герой,1
героический,1
героик,1
героин,-1
героиня,1
героизм,1
герпес,-1
герпесвирус,-1
нерешительность,-1
расцвет,1
скрывать,-1
отвратительный,-1
наибольший,-1
наибольший,1
веселый,1
веселость,1
мешать,-1
помеха,-1
хиппи,-1
Нать,1
шипение,-1
шипение,-1
удар,-1
до,-1
улей,-1
хриплый,-1
чтить,-1
обман,-1
хобби,1
бродяга,-1
бор,-1
день,1
благочестие,1
полый,-1
истребление,-1
святой,1
дань,1
бездомный,-1
тосковать,-1
смертоносный,-1
убийство,-1
гомология,1
гомосексуализм,-1
честный,1
честность,1
меда,1
медовый,1
честь,1
почетный,1
капот,-1
зацеплять,-1
гудок,-1
надежда,1
многообещающий,1
безнадежный,-1
безнадежность,-1
орда,-1
горизонт,1
какой,-1
ужасно,-1
противный,-1
ужасать,-1
в,-1
ужасать,-1
ужастик,-1
ужас,-1
гостеприимство,1
заложник,-1
враждебный,-1
военный,-1
враждебность,-1
домашний,1
домоводство,1
вой,-1
фуканье,-1
объятие,1
человечный,1
гуманитарный,1
человечество,1
миреть,-1
миреть,1
унижать,1
смиренно,1
надувать,-1
унижать,-1
унизительный,-1
унижение,-1
смирение,1
юморист,1
юмористический,1
ломоть,-1
голодный,-1
охотник,-1
охота,-1
ур,1
ураган,-1
поспешный,-1
причинять,-1
вредный,-1
больно,-1
сельский,1
тишина,1
карманник,-1
хижина,1
гидро,-1
гидроцефалия,-1
гигиенический,1
гимн,1
обман,-1
гипербол,-1
лицемерие,-1
лицемер,-1
лицемерный,-1
истерия,-1
истеричный,-1
идеализм,1
идиотизм,-1
идиот,-1
идиотский,-1
бездельник,-1
идол,1
идолопоклонство,-1
невежество,-1
невежественный,-1
игнорировать,-1
больной,-1
нелегальный,-1
незаконность,-1
неразборчивый,-1
незаконнорожденный,-1
незаконный,-1
неграмотный,-1
болезнь,-1
нелогичный,-1
освещать,1
освещение,1
иллюзия,-1
иллюстрировать,1
прославлять,1
образный,1
имитировать,-1
имитация,-1
безукоризненный,1
незрелый,-1
незрелость,-1
немедленно,-1
немедленно,1
огромный,1
погружать,1
аморальный,-1
безнравственность,-1
бессмертный,1
неподвижный,-1
неподвижный,1
ухудшать,-1
нарушение,-1
придавать,1
беспристрастный,1
беспристрастность,1
непроходимый,-1
нетерпение,-1
нетерпеливый,-1
оспаривать,-1
импичмент,-1
безупречный,1
затруднять,-1
дефектность,-1
несовершенно,-1
олицетворять,-1
олицетворение,-1
непроницаемый,1
непримиримый,-1
впутывать,-1
невежливый,-1
важность,1
важный,1
навязывание,-1
невозможный,-1
импотенция,-1
бессильный,-1
запирать,-1
невыполнимый,-1
впечатление,1
впечатление,1
сажать,-1
в,-1
лишение,-1
непригодность,-1
улучшать,1
улучшать,1
улучшение,1
улучшение,1
импровизировывать,1
неосторожный,-1
нечистый,-1
примься,-1
вменение,-1
неспособность,-1
недоступный,-1
неточный,-1
в,-1
бездеятельность,-1
неадекватность,-1
неадекватный,-1
недопустить,-1
неотъемлемый,1
бессмысленный,-1
неприменима,-1
несоответствующий,-1
невнимательность,-1
неслышный,-1
инаугурация,1
неисчислимый,-1
недееспособность,-1
лишение,-1
в,-1
зажигательный,-1
ладан,-1
непрекращающийся,-1
кровосмешение,-1
кровосмесительный,-1
сжигание,-1
язвительный,1
подстрекать,-1
суровый,-1
включать,1
включать,1
в,1
включительно,1
бессвязный,-1
доход,-1
доход,1
несовместимый,-1
некомпетентность,-1
некомпетентный,-1
неполнота,-1
непостижимый,-1
неуместный,-1
несущественный,-1
невнимательный,-1
несогласованность,-1
неудобный,-1
некорректный,-1
увеличение,1
недоверчивый,-1
инкриминация,-1
непосильный,-1
нести,-1
неизлечимый,-1
нашествие,-1
неприличный,-1
нерешительность,-1
нерешительный,-1
непростительный,-1
несмываемый,1
возмещать,-1
контрибуция,1
эмиссионный,-1
независимость,1
нерушимый,1
неопределенный,-1
предъявлять,-1
обвинительный,-1
равнодушие,-1
неимущий,-1
возмущать,-1
возмущение,-1
невнятный,-1
индивидуальность,1
идеологический,-1
безболезненный,-1
неукротимый,1
несказанный,1
неэффективный,-1
неэффективно,-1
неэффективность,-1
неэффективный,-1
неподходящий,-1
неумелость,-1
неравенство,-1
несправедливый,-1
инертный,-1
непростительный,-1
недорога,1
неопытность,-1
неопытный,-1
необъяснимый,-1
непогрешимый,1
позорный,-1
гнусность,-1
младенец,1
детоубийство,-1
инфантильный,-1
инфаркт,-1
заражать,-1
инфекционный,-1
инфекционный,-1
низший,-1
низкий,-1
ада,-1
бесплодие,-1
заражение,-1
неверующий,-1
неверность,-1
инфильтрация,-1
инфильтрация,1
бесконечный,1
бесконечность,1
немощный,-1
немощь,-1
воспаление,-1
раздутый,-1
инфляция,-1
причинять,-1
причинение,-1
влияние,-1
влияние,1
влиятельный,1
грипп,-1
информация,1
доносчик,-1
нарушение,-1
не,-1
нарушение,-1
изобретательный,1
наследование,1
препятствовать,-1
негостеприимный,-1
нечеловеческий,-1
бесчеловечность,-1
враждебный,-1
неподражаемый,1
беззаконие,-1
судебный,-1
ранить,-1
пострадавший,-1
вредный,-1
травма,-1
несправедливость,-1
обитатель,-1
невинность,1
невинный,1
невиновно,1
безвредный,1
вводить,1
инновация,1
недействующий,-1
опросник,1
запрос,1
любознательный,1
ненормальный,-1
невменяемость,-1
небезопасный,-1
ненадежность,-1
неотделимый,1
коварный,-1
знак,1
незначительность,-1
незначительный,-1
пресный,-1
наглый,-1
неплатежеспособность,-1
несостоятельный,-1
инспектор,1
вдохновение,1
внушать,1
вдохновать,1
нестабильность,-1
подстрекать,-1
подстрекательство,-1
инстинктивный,1
инструктировать,1
инструкция,1
инструктор,1
инструментальный,1
недостаточность,-1
недостаточный,-1
недостаточно,-1
оскорбление,-1
оскорбительный,-1
страховывать,1
восставать,-1
непреодолимый,-1
восстание,-1
неповрежденный,1
целостность,1
интеллект,1
интеллектуальный,1
интеллект,1
умный,1
предназначать,1
интенсивный,-1
интенсивный,1
между,-1
общение,1
воспрещение,-1
интерес,1
заинтересовывать,1
интересный,1
интерференция,-1
интерьер,1
неокончательный,1
интерлюдия,1
погребение,-1
бесконечный,-1
бесконечный,1
прерывание,-1
прервать,-1
вмешательство,-1
вмешательство,1
умерать,-1
интимный,1
запугивать,-1
устрашение,-1
невыносимый,-1
непереносимость,-1
нетерпимый,-1
интонация,1
опьянать,-1
неподатливый,-1
бесстрашный,1
интрига,-1
нарушитель,-1
вторжение,-1
назойливый,-1
интуиция,1
интуитивный,1
вторгаться,-1
захватчик,-1
аннулировать,-1
признание,-1
недействительность,-1
неизменно,1
вторжение,-1
изобретательский,1
изобретатель,1
исследовать,1
подбадривать,1
приглашение,1
приглашать,1
манящий,1
непроизвольный,-1
инволюция,-1
разгневать,-1
ярость,-1
железо,1
утюг,-1
иррациональный,-1
иррациональность,-1
непримиримый,-1
неприводимый,1
неопровержимый,1
нерегулярный,-1
неправильность,-1
не,-1
непоправимый,-1
безответственный,-1
непочтительный,-1
безотзывный,-1
раздражительность,-1
раздражительный,-1
раздражать,-1
раздражение,-1
изолировать,-1
изоляция,-1
трескотень,-1
куша,1
тюремный,-1
варенье,1
жаргон,-1
диссонанс,-1
желтуха,-1
ревнивый,-1
ревность,-1
подвергать,-1
подсудность,-1
насмехаться,1
работа,1
джон,-1
присоединяться,1
присоединяться,1
шутка,-1
джокер,1
шуча,1
jornada,-1
журналист,1
поездка,1
веселый,1
радость,1
радостный,1
радостный,1
ликующий,1
юбилей,1
судебная,1
рассудительный,1
перемешивать,-1
прыгать,1
барахло,-1
хунта,-1
справедливость,1
допустить,1
обоснование,1
ювенильный,-1
слащавый,1
кругозор,1
деревенщина,-1
лейтмотив,1
замковый,1
удар,-1
похищать,-1
убийство,-1
убийство,-1
свой,1
доброта,1
родственный,1
король,1
целовать,1
воздушный,-1
котенок,1
сноровка,1
предвещать,-1
рыцарь,1
узловимать,-1
знание,1
знание,1
почет,1
труд,1
затруднивать,-1
трудоемкий,-1
лабиринт,-1
шнурок,-1
шнурок,1
отсутствие,-1
не,-1
тусклый,-1
нагружать,-1
запаздывание,-1
отставать,-1
логово,-1
ягненка,1
стенать,-1
земельный,1
высадиться,1
оползень,-1
томный,-1
томиться,-1
томный,-1
упущение,-1
воровство,-1
лазер,1
плевать,-1
поздно,-1
опоздание,-1
латентный,-1
уборная,-1
похвальный,1
смех,1
смехотворный,-1
сметь,1
смех,1
запуск,1
лауреат,1
лавр,1
лавр,1
лав,-1
расточать,1
законный,1
бесправие,-1
судебный,-1
адвокат,-1
рыхлый,-1
слабительный,-1
ленивый,-1
вести,1
лидер,1
лига,1
утечка,-1
утечка,-1
неплотный,-1
учить,1
обучение,1
оставлять,-1
преподаватель,1
пиявка,-1
пиявка,-1
смотреть,-1
дрейф,1
правовой,1
легализовать,1
легендарный,1
разборчивость,1
разборчивый,1
досуг,1
не,1
лемма,1
лимон,-1
снисходительный,1
проказа,-1
лесбиянка,-1
уменьшать,-1
меньший,-1
урок,1
летальный,-1
вялость,-1
литерный,1
лейкемия,-1
уровень,1
левередж,1
обложение,-1
непристойный,-1
связь,-1
лжец,-1
навать,-1
либеральный,-1
либеральный,1
освобождать,1
освобождение,1
свобода,1
библиотека,1
облизывание,-1
ложь,-1
кровь,1
безжизнать,-1
маяк,1
симпатия,1
ограничивать,-1
прихрамывать,-1
лингвист,1
корпия,-1
лев,1
щелок,-1
апатичный,-1
гибкий,1
тяжущийся,-1
судить,-1
судебный,-1
сутяжнический,-1
мусор,-1
синеватый,-1
буханка,-1
бездельник,-1
не,-1
ненавидеть,-1
ненависть,-1
отвратительный,-1
лоббист,-1
тупик,-1
саранча,-1
возвышать,-1
логический,1
одиночество,-1
одинокий,-1
унылый,-1
долговечность,1
уборнать,-1
ткацкий,-1
гагар,-1
псий,-1
добыча,-1
господин,-1
господин,1
светлость,1
терять,-1
проигрыш,-1
потеря,-1
терять,-1
громкость,-1
гостиная,-1
вошь,-1
привлекательный,1
любль,1
прекрасный,1
занятие,1
любовник,1
любить,1
низко,-1
снижение,-1
низший,-1
низменность,-1
непритязательный,-1
верный,1
лояльность,1
везение,1
везучие,1
смехотворный,-1
громыхать,-1
кусковой,-1
комковатый,-1
невменяемость,-1
помешывать,-1
крениться,-1
приманка,-1
пылать,-1
таиться,-1
скрываться,-1
приторный,1
пышный,-1
похоть,-1
блеск,1
похотливый,-1
глянцевивать,1
пышный,1
роскошный,1
роскошь,1
лежать,-1
линчевать,-1
лира,1
лирический,1
булава,-1
сумасшедший,-1
бесить,-1
безумец,-1
безумие,-1
мафия,-1
личинка,-1
волшебный,1
магнит,1
магнетизм,1
магнетит,1
парадность,1
великолепный,1
девушка,1
главный,1
оплот,1
величавый,1
величественность,1
главный,1
большинство,1
импровизировывать,-1
болезнь,-1
недомогание,-1
малярия,-1
недоброжелательный,-1
злодеяние,-1
порок,-1
злоба,-1
злонамерать,-1
злокачествать,-1
злокачественность,-1
злокачествать,-1
злоупотребление,-1
управлять,1
управление,1
судебный,-1
мандарин,1
чесотка,-1
калечить,-1
мужественность,1
мание,-1
маньяк,-1
маниакальный,-1
проявляться,1
манипулировать,-1
манипуляция,-1
мужественный,1
манна,1
манерный,1
манера,1
непредумышленный,-1
производитель,1
навоз,-1
март,-1
март,1
поле,-1
отмечать,1
ликвидный,1
темно,-1
маркиз,1
брак,1
костный,1
выходить,1
маршал,1
мартингал,-1
мученик,-1
мученичество,-1
диво,1
дивный,1
изумительно,1
мужская,1
мазохизм,-1
бойня,-1
массаж,1
мастер,1
шедевр,1
мастерство,1
приятель,1
материализм,-1
материалист,-1
материнский,-1
материнский,1
брак,1
матрон,1
максимальный,1
мэр,1
луг,1
извилисвать,-1
бессмысленный,-1
корь,-1
измерять,1
медаль,1
вмешивать,-1
посредничать,1
посредничество,1
медиатор,1
медицинская,1
посредствать,-1
посредственность,-1
обдумывать,1
средиземный,1
попурря,1
меланхолический,-1
меланхолия,-1
рукопашнать,-1
мелодрама,-1
расплавление,-1
сувенир,1
памятный,1
угроза,-1
угрожать,-1
починка,1
лакейский,-1
менструация,1
наставник,1
наемник,-1
милостивый,1
беспощадный,-1
милость,1
сливать,1
заслуга,1
похвальный,1
веселье,1
веселый,1
беспорядки,-1
беспорядочный,-1
метастазирование,-1
метанол,-1
столичный,1
лихость,1
микроскопия,1
акушерка,-1
акушерка,1
акушерство,1
могуществать,1
милдь,-1
милиция,-1
мить,1
мимикрия,-1
внимательный,1
осознанность,1
минимизировать,-1
минимальный,-1
министерство,1
меньшинство,-1
чудо,1
чудотворный,1
трясина,-1
веселье,1
проступок,-1
выкидыш,-1
несчатье,-1
вредный,-1
неправильный,-1
проступок,-1
несчастный,-1
несчастно,-1
нищета,-1
несчастье,-1
неправильный,-1
несчастье,-1
неправильный,-1
вводить,-1
вводить,-1
бесхозяйственность,-1
несоответствие,-1
неправильный,-1
класть,-1
неуместно,-1
искажать,-1
введение,-1
искажать,-1
отсутствовать,-1
миссионер,1
неправильный,-1
ошибка,-1
ошибочный,-1
госпожа,-1
недоверие,-1
неправильно,-1
недоразумение,-1
злоупотребление,-1
клеще,-1
чернь,-1
издевательство,-1
осмеяние,-1
модель,1
умерять,1
Модератор,1
скромный,1
скромность,1
назойливость,-1
импульс,1
денежный,1
деньги,1
монах,1
монохромный,-1
монополист,-1
муссон,-1
монстр,-1
уродство,-1
памятник,1
капризный,-1
спорный,-1
моральный,1
мораль,1
нрава,1
патологический,-1
заболеваемость,-1
морг,-1
умирать,-1
придурка,-1
идиотский,-1
кусочек,-1
смертный,-1
смертность,-1
строительный,1
омертвение,-1
морг,-1
комар,-1
мама,-1
мама,1
материнство,1
мотив,1
оплакивать,-1
скорбный,-1
траура,-1
движимое,1
движи,1
дрянь,-1
грязь,-1
темнять,-1
запутывать,-1
мутный,-1
неумелый,-1
кружок,-1
кружок,1
мул,-1
мама,-1
бормотать,-1
свинка,-1
убийство,-1
убийца,-1
убийствать,-1
темный,-1
мускулистый,1
музыка,1
музыкальный,1
пачкать,-1
затхлый,-1
изменчивый,1
мутант,-1
изуродовать,-1
увечье,-1
бунт,-1
бормотание,-1
взаимное,1
морда,-1
близорукость,-1
тащить,-1
надир,-1
пилить,-1
наивный,-1
безымянный,-1
вздремнуть,1
подгузник,-1
наркотический,-1
противный,-1
натуралист,1
непослушный,-1
тошнота,-1
тошнотворный,-1
судоходный,1
нет,-1
аккуратно,1
нектар,1
необходимый,-1
игла,1
нуждаться,-1
бесчестный,-1
отрицание,-1
отрицательный,-1
пренебреженье,-1
пренебрегать,-1
пренебрегать,-1
небрежность,-1
нерадивый,-1
по,-1
вести,1
негоциант,1
негр,-1
сосед,1
семейственность,-1
нерв,1
нервный,-1
прижаться,1
нижний,-1
крапива,-1
невралгия,-1
невроз,-1
невротический,-1
никотин,-1
негр,-1
кошмар,-1
нигилизм,-1
знать,1
благородный,1
дворянин,1
шум,-1
шумный,-1
назначение,1
несогласованность,-1
бред,-1
бессмысленный,-1
аркан,-1
нормальность,1
примечательный,1
аристократия,1
отмечать,1
ничтожество,-1
понятие,1
дурной,-1
дурной,1
питание,1
вредный,-1
неприятность,-1
NUL,-1
сводить,-1
оцепенелый,-1
число,1
онемение,-1
монахиня,-1
медсестра,1
питомник,1
взращать,1
питательный,1
уродливый,-1
дуб,1
оазис,1
присяга,1
послушание,1
страдать,-1
ожирение,-1
оба,-1
поминальный,-1
некролог,-1
возражение,-1
нежелательный,-1
задача,1
обязывывать,-1
услужливый,1
дебитор,-1
уничтожать,-1
стираться,-1
облитерация,-1
забвение,-1
противный,-1
непристойный,-1
непристойность,-1
неясность,-1
соблюдать,1
препятствие,-1
упрять,-1
препятствовать,-1
непроходимость,-1
обструктивный,-1
доступный,1
тупой,-1
очевидный,1
оккультный,-1
обитатель,1
занятие,1
оккупировать,1
странность,-1
одиозный,-1
запах,-1
обижать,-1
обижать,-1
правонарушитель,-1
преступление,-1
наступление,-1
предлагать,1
экспромт,-1
сотрудник,1
взморье,-1
смещение,1
ответвление,1
великан-,-1
обонятельный,-1
олигархия,-1
примета,-1
угрожать,-1
пропускать,-1
всемогущество,-1
всемогущество,1
всеведущий,1
обременительный,-1
ответственность,-1
тина,-1
непрозрачный,-1
открытость,1
опера,1
оперный,-1
опиат,-1
упрять,-1
опиум,-1
противник,-1
уместный,1
возможность,1
оппонировать,-1
против,-1
оппозиция,-1
угнетывать,-1
угнетение,-1
гнетущий,-1
угнетатель,-1
оптимизм,1
оптимист,1
вариант,1
необязательный,1
оракул,1
речь,1
орк,-1
оркестр,1
предопределять,1
тяжелый,-1
упорядочивать,1
рукоположение,1
артиллерия,-1
органический,1
организация,1
организовывать,1
организовывать,1
оргазм,1
оригинальность,1
украшать,1
витиевимать,1
сирота,-1
как,-1
вытеснять,-1
взрыв,-1
взрыв,1
отвержать,-1
исход,1
выкрик,-1
перещеголять,1
флигель,-1
диковивать,-1
вне,-1
безобразие,-1
выдающийся,-1
выдающийся,1
нарудеть,1
овация,-1
властный,-1
перегружать,-1
пасмурный,-1
переусердствовать,-1
передозировка,-1
просрочивать,-1
завышать,-1
переполнение,-1
заросать,-1
вне,1
перегрузка,-1
переплачивать,-1
пересиливать,-1
непреодолимый,-1
завышать,-1
надзор,-1
низвержение,-1
опрокидывать,-1
сокрушать,-1
перегружать,-1
подавлять,1
обязать,-1
владение,1
окисление,-1
миролюбивый,1
подушечка,1
набивка,1
весло,1
боль,-1
страдальческий,-1
болезненный,-1
болезненно,-1
страдание,-1
аппетитный,1
паллиативный,1
паралич,-1
панацея,1
щегольство,1
пандемия,-1
острый,-1
паника,-1
panier,1
паприка,1
парад,-1
парад,1
парагон,1
паралич,-1
парализовать,-1
первостепать,1
паранойя,-1
парафраза,-1
парафраза,1
паразит,-1
помилование,1
стричь,-1
отцовство,1
темать,1
пугать,-1
экономный,-1
принимать,1
участие,1
пристрастный,-1
партнер,1
партнерство,1
устарелый,-1
страсть,1
страстный,1
пассивный,-1
пассивность,-1
времяпровождение,1
пастор,1
кондитерский,1
выгон,1
пластырь,-1
патент,1
жалкий,-1
терпение,1
пациент,1
патриархальный,1
покровитель,1
протекция,1
покровительствуть,-1
скороговорка,-1
малочисленность,-1
нищий,-1
пешка,-1
платить,1
окупаемость,-1
оплата,-1
мир,1
миролюбивый,1
мирный,1
павлин,1
клевать,1
особенность,-1
особенность,1
пешеход,-1
родословный,1
несравненный,1
уголовный,-1
штраф,-1
склонность,1
проникновение,-1
исправительный,-1
воспринимать,1
различить,1
погибель,-1
круглогодичный,1
идеально,1
совершенство,1
исполнитель,1
подвергать,-1
рискованный,-1
погибать,-1
скоропортиться,-1
погибать,-1
погибать,-1
лжесвидетельство,-1
привилегия,1
разрешение,1
пагубный,-1
нарушитель,-1
увековечение,-1
бесконечность,1
недоумевать,-1
растерянность,-1
преследовать,-1
преследование,-1
упорство,1
стойкий,1
представительный,1
уместный,1
возмущение,-1
коклюш,-1
извращать,-1
извращение,-1
извращенец,-1
извращать,-1
пессимизм,-1
пессимист,-1
вредитель,-1
мора,-1
домашний,-1
нефть,-1
нефть,1
мелкий,-1
фант,-1
фармацевтический,1
филантроп,1
филантропия,1
философ,1
мокрота,-1
Феникс,1
фонетический,1
фальшивый,-1
врач,1
физика,1
физиология,1
телосложение,1
выбирать,1
пикет,-1
пикетирование,-1
соленый,-1
пикник,1
колоритный,1
благочестие,1
свинья,-1
голубь,-1
геморрой,-1
пилюля,1
мародерство,-1
подушок,1
пилот,1
сутеннер,-1
прыще,-1
сосна,-1
шестерня,-1
вершина,1
пионер,1
благочестивый,1
пикировать,-1
пиратство,-1
пират,-1
пистолет,-1
западне,-1
пить,1
стержень,1
безмятежный,1
плагиат,-1
чума,-1
истец,-1
планирование,1
крыть,-1
игрок,-1
игривый,1
детский,1
театр,1
мольба,-1
приятный,1
довольный,1
приятный,1
залог,1
пленарный,1
богатый,1
сплетение,1
положение,-1
усидчивый,-1
слив,1
отвес,1
отвес,-1
расхищение,-1
вляпываться,-1
плюш,1
курсировать,1
пневмония,-1
браконьерство,-1
многозначительно,1
бессмысленный,-1
яд,-1
отравлять,-1
отравление,-1
ядовитый,-1
совать,-1
полемика,-1
полиция,1
полицейский,1
лиомиелить,-1
полировать,1
полировывать,1
вежливый,1
вежливость,1
политичный,1
загрязнять,-1
загрязнение,-1
полигамия,-1
пышность,-1
напыщать,-1
тяжеловесный,-1
бассейн,1
плохо,-1
поп,-1
папа,1
популярность,1
пуляризировать,1
население,1
дикобраз,-1
порно,-1
порно,-1
порнографический,-1
порнография,-1
портативный,1
поза,-1
обладать,1
одержить,-1
владение,-1
посмертный,-1
откладывание,-1
питьевой,1
потенция,1
фунт,-1
бедность,-1
мощный,1
мощно,1
бессильный,-1
практика,1
практиковать,1
практика,1
хвалить,1
хвалить,1
похвальный,1
шалость,-1
молиться,1
ненадежный,-1
предосторожность,1
предшествовать,1
старшинство,1
избирательный,-1
драгоценный,1
точный,1
точность,1
хищный,-1
затруднительный,-1
склонность,1
преобладать,1
превосходить,1
предпочитать,1
беременность,-1
предубеждение,-1
предвзимать,-1
пагубный,-1
преднамерать,-1
премьер,1
предпосылка,1
подготавливать,1
подготавливать,1
предвидить,1
присутствие,1
настоящий,1
презентабельный,1
изложение,-1
изложение,1
консервант,1
сохранять,1
президент,1
давление,-1
престиж,1
престо,1
самонадеянный,-1
делать,-1
притворяться,-1
претендовать,-1
притворство,-1
притязание,-1
симпатичный,1
превалировать,1
профилактика,1
превентивный,-1
добыча,-1
бесценный,1
колоть,-1
колючий,-1
гордость,1
священник,1
священство,1
священнический,1
примат,1
первичный,1
простой,1
грунтовка,1
принц,1
царственный,1
принцесса,1
главный,1
тюрьма,-1
заключенный,-1
нетронутый,1
привилегировать,1
конфиденциальный,-1
неподкупность,1
проблема,-1
процедура,1
шествие,1
мешкать,-1
прокрастинация,-1
проктор,1
закупать,1
расточительный,-1
расточительный,1
чудовищный,1
одаривать,1
режиссер,1
производство,1
производство,1
продуктивный,1
производительность,1
непосвященный,-1
профанация,-1
профессия,1
профессиональный,1
профессор,1
умение,1
опытный,1
богатый,1
расточительность,-1
прогресс,1
прогрессия,1
прогрессировать,1
запрещать,-1
запрет,-1
плодовитый,1
продлевать,-1
протуберанец,1
заметно,1
разнородный,-1
обещание,1
многообещающий,1
продвижение,1
подпирать,1
пропаганда,-1
правильный,1
пророк,1
профилактический,1
предложение,1
преследовать,-1
судебный,-1
перспектива,1
процветать,1
процветание,1
процветать,1
Проститутка,-1
проституция,-1
защищать,1
защищать,1
защитный,1
протектор,1
гордый,1
доказывать,1
общеизвестный,1
предоставлять,1
обеспечение,1
провокация,-1
провоцировать,-1
предусмотрительность,1
предусмотрительный,1
подглядывать,-1
пытливый,-1
псал,1
психоз,-1
общественность,1
публицист,-1
кичливый,-1
вытаскивать,1
кафедра,1
перфоратор,-1
пунктуальный,1
пунктуальность,1
едкий,-1
наказывать,-1
наказывать,-1
карающий,-1
наказание,-1
карательный,-1
щенок,1
чисто,1
чистилище,-1
чистка,-1
очистка,1
очищаться,1
пурист,1
чистота,1
мурлыкать,1
гной,-1
крякать,-1
трясина,-1
перепеть,-1
причудливый,1
квалифицировать,1
квалификационный,1
затруднительный,-1
ссора,-1
аннулировать,-1
подавлять,-1
поиск,1
вопрос,1
под,-1
проворство,1
ртуть,-1
неподвижный,1
тихо,1
хинин,1
уволиться,-1
колчанин,-1
дрожать,-1
викторина,-1
котировка,-1
котировка,1
чернь,-1
бешеный,-1
бешенство,-1
стеллаж,-1
ракетка,-1
светимость,1
лучистый,1
излучать,1
излучение,-1
радио,1
радиоактивное,-1
радон,-1
ярость,-1
яростный,-1
тряпье,-1
набег,-1
рельс,-1
Озть,-1
бессвязный,-1
буйство,-1
прогорклый,-1
выкуп,-1
изнасилование,-1
восхищать,1
раптор,-1
упоение,1
мошенник,-1
сыпь,-1
крыса,-1
рейтинг,-1
рациональный,1
хриплый,-1
рейв,-1
рейв,1
хищный,-1
бесноватый,-1
реакционер,-1
читатель,1
легко,1
готовность,1
чтение,1
подтверждать,1
реальный,1
задний,-1
причина,1
перестраховка,1
успокаивать,1
скидка,1
бунтарь,-1
упрек,-1
опровергать,-1
непокорный,-1
передел,1
получать,1
получение,1
спад,-1
отборный,1
рецидив,-1
отвечать,1
опрометчивый,-1
безрассудство,-1
мелиорация,1
откидывать,1
узнавать,1
рекомендовать,1
сверка,1
повторный,1
реконструировать,1
реконструкция,1
самописец,1
отыгрывать,1
восстановление,1
отдых,1
развлекательный,1
исправлять,1
выкуп,1
возмещение,1
избыточный,-1
совершенствовать,1
утонченность,1
рефлюкс,-1
реформа,1
реформация,1
реформатор,1
огнеупорный,-1
освежать,1
обновлять,1
отказ,-1
отказываться,-1
отказываться,-1
царственный,1
регент,1
регрессировать,-1
регрессия,-1
регрессивный,-1
регрессивный,1
сожаление,-1
прискорбный,-1
сожалеть,-1
сожалее,-1
регулярность,1
регулировать,1
регулятивный,-1
реабилитировать,1
реабилитация,1
возмещать,1
возмещение,1
поводье,-1
армирование,1
восстанавливать,1
отклонять,-1
отвергать,-1
отказ,-1
отвергать,-1
радоваться,1
радость,1
омолаживать,1
молодеть,1
возрождать,-1
возрождать,1
рецидив,-1
отдых,1
высылка,-1
соответствовать,1
надежность,1
надежный,1
опора,1
облегчение,1
освобождать,1
отказываться,-1
неохотный,-1
остаток,-1
остаток,1
передел,1
возвращение,-1
замечательный,1
замечательно,1
исправительный,-1
средство,1
непростительно,-1
ремиссия,1
переделывать,1
раскаяние,-1
удаление,-1
удалять,-1
Ренессанс,1
стычка,-1
раскалывать,-1
оказывать,1
ренегат,-1
обновление,1
отрекаться,-1
ремонтировать,1
ремонт,1
известность,1
прославлять,1
отречение,-1
реорганизовывать,1
репарация,1
погашать,1
репеллента,-1
отталкивавать,-1
отталкивавать,-1
каяться,1
пополнять,1
переполнять,1
репортер,1
покоиться,1
представлять,1
репрессировать,-1
подавление,-1
выговор,-1
переиздание,-1
расправа,-1
упрекать,-1
репродуктивный,1
республика,-1
отречение,-1
отталкивание,-1
уважать,1
расторгать,-1
аннулирование,-1
спасение,1
возмущать,-1
обижать,-1
чувство,-1
резерв,1
резидент,1
в,-1
отставка,-1
подавать,-1
упругий,1
оказывать,-1
сопротивление,-1
резистентный,-1
сопротивляться,-1
могущий,1
решительно,1
ресурс,1
уважение,1
респектабельность,1
респектабельный,1
почтительный,1
относительно,1
почтение,1
передышка,1
блистательный,1
ответственность,1
отзывчивый,1
отдых,1
успокоительное,1
реституция,1
укреплять,1
восстановление,1
сдерживать,-1
сдержанность,1
ограничивать,-1
ограничение,-1
ограничительный,-1
возобновление,1
мстить,-1
воздаяние,-1
репрессивный,-1
запаздывание,-1
запаздывание,-1
удержание,1
скрытный,-1
выход,-1
выход,1
реторт,-1
втягиваться,-1
втягивание,-1
ретраншемент,-1
воздаяние,-1
ретроградный,-1
воссоединение,1
упиваться,1
пирушка,1
жажда,-1
благоговеть,1
благоговение,1
чтить,1
мечтательность,1
реверс,-1
сверка,1
возрождение,1
возрождать,-1
возрождать,1
отзыв,-1
отзывать,-1
восстание,-1
отвратительный,-1
революция,-1
революция,1
революционер,1
револьвер,-1
отвращение,-1
награда,1
ревматизм,-1
ритм,1
ритмичный,1
лента,1
богатство,1
покоситься,-1
пронизывать,-1
наездник,1
осмеяние,-1
смешной,-1
изобиловать,-1
винтовка,-1
перекат,-1
праведный,1
правомерный,1
правильный,1
жесткий,-1
жесткость,-1
строгость,-1
тщательный,-1
звонарь,-1
бунт,-1
буйный,-1
созревать,1
созревать,1
подниматься,1
риск,-1
рискованный,-1
соперничество,-1
клепка,1
родстер,1
грабить,-1
грабитель,-1
грабеж,-1
крепкий,1
камень,1
стержень,1
изгой,-1
бесшабашный,1
романс,1
романтик,1
романтизм,1
возня,1
лад,-1
укореняться,1
румяный,1
гниль,-1
расписание,1
гнить,-1
шероховатость,-1
раать,-1
рутинный,1
ряд,-1
дебошир,-1
роялть,1
мусор,-1
щебень,-1
рубрика,1
рут,-1
рябивать,-1
прочный,-1
разорение,-1
разрушать,-1
губительный,-1
слух,-1
убегать,-1
разрыв,-1
хитрость,-1
ржавчина,-1
ржавый,-1
Рать,1
беспощадный,-1
сабль,-1
саботаж,-1
жертва,-1
грустно,-1
печаль,-1
безопасно,1
защита,1
провисать,-1
шалфь,1
святой,1
безгрешный,1
зарплата,1
выступ,1
целительный,1
отдавать,1
спасение,1
тешить,1
самурай,1
освящение,1
освящать,1
святилище,1
жизнерадостный,1
гигиенический,1
живица,-1
сарказм,-1
сарком,-1
сардонический,-1
сатанинские,-1
сатин,1
удовлетворительно,1
довольный,1
насыщать,-1
дикарь,-1
дикость,-1
спасать,1
экономия,1
вкус,1
чабер,1
здравый,1
парш,-1
строительный,-1
скальпель,-1
чешуйчатый,-1
скандал,-1
скандальный,-1
скудный,-1
козел,-1
шр,-1
дефицитный,-1
едв,-1
дефицит,-1
пугать,-1
чучело,-1
чучело,1
мусорщик,-1
схема,-1
схизм,-1
шизофрения,-1
ученый,1
ученость,1
ишиас,-1
научный,1
ученый,1
крупица,1
издеваться,-1
ругать,-1
нагонять,-1
палить,-1
гол,1
презирать,-1
скорпион,-1
скотч,-1
негодяй,-1
бич,-1
скремблирование,-1
скрепь,-1
орать,-1
кричать,-1
визг,-1
пьяный,-1
писец,1
потасовка,-1
скрипт,1
скраб,-1
восхитительный,1
тщательно,-1
исследование,-1
скульптура,1
сволочь,-1
море,1
печать,1
высушивать,-1
закаливать,1
отложение,-1
уединать,-1
уединение,-1
уединение,1
подержывать,-1
секретариат,1
секреция,-1
скрытный,-1
сектант,-1
крамол,-1
соблазнять,-1
обольщение,-1
разделять,-1
егрегировать,-1
пользоваться,-1
эгоистичный,-1
эгоизм,-1
старческий,-1
старшинство,1
сенсационный,1
смысл,1
бессмысленный,-1
обидчивость,1
здраво,1
чувствать,-1
чувствать,1
чувственность,1
чувствать,1
предложение,-1
сентиментальный,1
сентиментальность,1
стража,1
сепаратистский,-1
сепсис,-1
септический,-1
секвестр,-1
безмятежный,-1
безмятежность,1
проповедь,1
змя,-1
сыворотка,1
служащий,-1
обслуживать,-1
холопский,-1
сервитут,-1
регресс,-1
доверитель,1
разрывать,-1
сточный,-1
канализация,-1
секс,1
потирать,-1
лачуг,-1
дужка,-1
сомнительный,-1
сотрясение,-1
непрочный,-1
фиктивный,-1
бойня,-1
позор,-1
постыдный,-1
бесстыдный,-1
Шанхавать,-1
форма,1
стройный,1
доля,1
акула,-1
раздроблять,-1
разрушать,-1
сарай,-1
оболочка,-1
укрытие,1
сукно,-1
пасть,1
блеск,1
блестящий,1
кораблекрушение,-1
дерьмо,-1
дрожать,-1
шок,-1
дрять,-1
стрелять,-1
стрельба,-1
воровство,-1
поход,1
нехватка,-1
недостаток,-1
выстрел,-1
плечо,1
совать,-1
эффектный,-1
проницательный,1
визг,-1
пронзительный,-1
сокращать,-1
сжаться,-1
содрогаться,-1
гнушаться,-1
больной,-1
тошнотворный,-1
тошнотворный,-1
болезнь,-1
шелк,1
глупый,-1
упрощать,1
грех,-1
искренний,1
искренность,1
грешный,-1
петь,1
отдельно,1
зловещий,-1
грешник,-1
грешить,-1
сэр,1
сирена,-1
неженка,-1
сестринский,1
скептический,-1
отрывочный,-1
перекос,-1
занос,-1
искусный,1
искусный,1
пропускать,-1
перестрелка,-1
небо,1
слабина,-1
шлак,-1
хлопать,-1
клевета,-1
клеветнический,-1
пощечина,-1
шифера,1
уба,-1
скотобойня,-1
забой,-1
рабыня,-1
рабство,-1
сражать,-1
убийца,-1
гладкий,1
дождь,-1
стройный,1
стройное,1
слизисвать,-1
недоносок,-1
слип,-1
помоа,-1
небрежный,-1
леность,-1
сутулость,-1
вспучивать,-1
медлительность,-1
отсвать,-1
слизень,-1
медлительный,-1
трущоба,-1
резкий,-1
марашка,-1
слякоть,-1
шлюха,-1
лукавый,-1
хлопать,-1
маленький,-1
громить,-1
разбивать,-1
поверхностный,-1
запах,-1
обоняние,-1
улыбка,1
улыбаться,1
ухмылка,-1
ударять,-1
поражать,1
курильщик,-1
ровность,1
душить,-1
мазать,-1
самодовольный,-1
возить,-1
контрабандист,-1
контрабанда,-1
головень,-1
загвоздка,-1
коряга,-1
змей,-1
западне,-1
огрызаться,-1
рычание,-1
ябед,-1
подлый,-1
насмешка,-1
чихать,-1
ржание,1
ехидный,-1
сноб,-1
впитывать,-1
рыдать,-1
трезвость,1
общительный,1
социалист,-1
почва,-1
испачкать,-1
утешение,1
солдат,1
твердый,1
основательность,1
решение,1
кредитоспособность,1
соматический,-1
угрють,-1
сонар,1
соната,1
сонуть,1
звонкий,1
сажа,-1
успокаивать,1
успокаивать,1
колдовство,-1
противный,-1
воспалать,-1
тяжко,-1
болезненность,-1
печаль,-1
скорбный,-1
сортировщик,1
вылазка,-1
бездушный,-1
родственный,-1
прочность,1
суп,1
кислый,-1
спо,1
просторный,1
спаниель,1
шлепка,-1
искрить,1
спазм,-1
размолвка,-1
копье,-1
особый,1
металлический,1
пятнышко,-1
зрелище,-1
зрелище,1
привидение,-1
спектральный,-1
спекуляция,-1
речь,1
быстрый,1
написание,1
тратить,-1
пряность,1
позвоночник,-1
позвоночник,1
незамужний,-1
дух,1
настроение,1
озлобленность,-1
злобный,-1
великолепный,1
пышность,1
осколок,-1
трещина,-1
расщепление,-1
портить,-1
спойлер,-1
говорить,-1
губка,-1
спонсор,1
привидение,-1
незапятнанный,1
супруга,1
растяжение,-1
веселье,-1
фея,-1
ель,1
поддельный,-1
шквал,-1
скваттра,-1
брезгливый,-1
шумоподавление,-1
извиваться,-1
удар,-1
стабильный,1
стаккавать,1
ошеломлять,-1
застойный,-1
пятно,-1
нержавеющий,1
несвежий,-1
стебелька,-1
жеребец,1
рослый,1
выносливость,1
постоянный,1
тупик,-1
остановка,-1
звезда,1
смотреть,-1
застывать,-1
Звездный,1
звездный,1
испугавать,-1
голодание,-1
изморать,-1
голодать,-1
величавый,1
заявление,1
стационарный,-1
статуя,1
положение,1
стойкий,1
палка,-1
стойкий,1
красть,-1
кража,-1
скрывать,-1
звездный,1
стереотипа,-1
стереотипный,-1
стерильный,-1
стерильность,-1
стерлинг,-1
стерлинг,1
кормовой,-1
стюард,1
жесткий,-1
жесткость,-1
душить,-1
подавать,-1
стигм,-1
мертворожденный,-1
неподвижность,1
ужалять,-1
жгучий,-1
скупой,-1
вонь,-1
зловонный,-1
скупиться,-1
акция,-1
похищать,-1
камень,-1
под,-1
испражнение,-1
перебой,-1
магазин,1
буря,-1
штормовой,-1
простой,1
натягивать,-1
пролив,-1
скручивать,-1
незнакомец,-1
придушить,-1
стратегический,1
стратега,1
бездомный,-1
прочность,1
укреплять,1
укрепление,1
стресс,-1
раздор,-1
забастовка,-1
поразительный,1
поразительно,1
полоса,-1
полоса,-1
раздевать,-1
инсульт,-1
сильно,1
состав,1
борьба,-1
распорка,-1
шпилька,1
изучение,1
закладывать,-1
спотыкаться,-1
ошеломлять,-1
чахлый,-1
глупый,-1
тупость,-1
ступор,-1
крепкий,1
свинарник,-1
подчинять,-1
предмет,-1
подвергаться,-1
подчинение,-1
покорение,-1
сублимация,1
подчинать,-1
вызов,-1
оседание,-1
субсидия,-1
прокармливаться,-1
вещество,1
основной,1
вычитать,-1
диверсия,-1
подрывной,-1
ниспровергать,-1
добиваться,1
последувать,1
успех,1
успешный,1
краткий,1
сочный,-1
сочный,1
поддаваться,-1
осать,-1
присосок,-1
Сь,-1
страдать,-1
страдалец,-1
страдать,-1
достаточность,1
удушать,-1
удушение,-1
сахар,1
самоубийственный,-1
самоубийство,-1
дходящо,1
угрють,-1
знойный,1
вызов,-1
солнце,1
погружать,-1
солнечно,1
закат,1
солнечный,1
превосходный,1
поверхностный,-1
излишний,-1
сверхчеловеческий,1
превосходить,1
превосходство,1
сверхчеловка,1
супер,1
суеверие,-1
суеверие,1
суеверный,-1
мольба,1
предмет,1
поставка,1
поддержывать,1
сторонник,1
поддержка,1
подавлять,-1
подавление,-1
примат,-1
примат,1
высший,1
в,1
надбавка,-1
поручительство,1
неприветливый,-1
догадка,1
превосходить,1
сюрприз,1
сдача,-1
капитуляция,-1
окружать,-1
окружать,1
геодезия,1
уцелеть,1
восприимчивый,-1
подозревать,-1
подвеска,-1
подозрение,-1
подозрительный,-1
тампона,-1
болотный,-1
болотистый,-1
свастика,-1
клясться,1
милый,1
возлюблать,1
милый,1
сладость,1
сладость,1
припухлость,-1
быстрый,1
глотка,-1
плавать,1
свинья,-1
вздутый,-1
символический,1
симметричный,1
симметрия,1
симпатичный,1
симпатия,1
симфония,1
симптом,-1
синхронизировать,1
обморок,-1
синергистический,1
синода,1
синонимичный,-1
синонимичный,1
табу,-1
тактичность,1
зараза,-1
рассказ,1
талант,1
талисман,1
говорить,1
коготь,-1
запутывать,-1
загорелый,1
мучающий,-1
мучающий,1
медлительность,-1
запоздалый,-1
тариф,-1
потускнение,-1
медлить,-1
задача,1
с,1
безвкусный,-1
вкусно,1
шпилька,-1
налог,-1
учить,1
учитель,1
дразнить,-1
поддразнивание,-1
технология,1
утомительный,-1
скука,-1
тинейджер,-1
тинейджер,1
умеренность,1
закаливать,1
буря,-1
искушение,-1
надежный,1
цепкий,1
цепкость,1
аренда,1
арендатор,1
нежный,1
нежность,1
арендуемое,-1
терминал,-1
прекращение,-1
термит,-1
ужасный,-1
террор,-1
терроризм,-1
террорист,-1
терроризировать,-1
столбняк,-1
привязь,-1
благодарный,1
благодарение,1
кража,-1
теизм,-1
теократический,-1
теоретический,1
терапевтический,1
терапевтика,1
вор,-1
мыслитель,1
жаждущий,-1
колючка,-1
колючий,-1
чистокровный,1
Вдумчивый,1
вдумчивость,1
беспечный,-1
молощать,-1
угроза,-1
угрожать,-1
угрожать,-1
молощать,-1
бережливость,1
возбужденье,1
захватывать,1
процветать,1
пульсация,-1
трон,1
дроссель,-1
головорез,-1
колотить,-1
громоподобный,-1
мешать,-1
щекотать,1
размолвка,-1
плиточный,1
своевременно,1
робкий,-1
робость,-1
блестка,1
подвыпить,-1
тирада,-1
уставать,-1
усталость,-1
утомительный,-1
сиська,-1
заглавие,1
жаба,-1
тост,1
табак,-1
туалет,-1
тенет,-1
терпеть,1
терпеть,-1
веротерпимость,1
зубной,-1
вверх,1
мучение,-1
порвывать,-1
торпед,-1
пылкий,-1
деликт,-1
деликтный,-1
пытка,-1
прикасаться,-1
обидчивый,-1
жесткий,-1
прочность,1
башня,1
возвышаться,1
токсичный,-1
токсин,-1
традиционный,1
трагедия,-1
трагический,-1
изменник,-1
бродяга,-1
транс,-1
спокойный,1
спокойствие,1
превосходство,1
трансцендентный,1
трансгрессия,-1
попона,-1
ловушка,-1
мусор,-1
дрять,-1
травматический,-1
тяжелый,-1
путешествие,1
пародия,-1
вероломный,-1
вероломство,-1
измена,-1
сокровище,1
рассматривать,-1
рассматривать,1
дерево,1
дрожь,-1
чрезвычайно,1
тремор,-1
тенденция,1
модный,1
беспокойство,-1
прегрешение,-1
несчастье,-1
суд,-1
данник,1
дань,1
трюк,-1
обман,-1
мелочь,-1
наряжать,1
отключение,-1
триумф,1
торжествовать,1
тролль,-1
трофей,1
хлопотный,-1
передышка,1
правда,1
труба,-1
надежный,1
правда,1
правдивость,1
кувыркаться,-1
опухоль,-1
опухоль,-1
буйство,-1
буйный,-1
турбулентность,-1
турбулентный,-1
смятение,-1
опек,1
репетитор,1
близнец,1
мерцать,1
подергивание,-1
тайфун,-1
тиранический,-1
тирание,-1
тиран,-1
уродство,-1
уродливый,-1
язва,-1
невыраженный,-1
в,1
ультиматум,-1
судья,1
не,-1
неприемлемо,-1
необъяснимый,-1
единодушие,1
единодушной,1
несанкционированный,-1
непритязательный,1
непривязанный,-1
недостижимый,-1
непривлекательный,-1
неразрешенный,-1
неизбежный,-1
не,-1
невыносимый,-1
непревзойденный,-1
непревзойденный,1
неверие,-1
невероятно,-1
беспристрастный,1
нерожденный,-1
Неуязвимый,1
разнуздать,-1
разнуздать,1
непрерывной,1
верхъестестветь,-1
невнимательный,-1
неуверенный,-1
неизменяемый,-1
нечистый,-1
неудобный,-1
недобросовестный,-1
без,-1
неконституционный,-1
непринужденный,1
неконтролируемый,-1
неконтролируемай,-1
нерешительный,-1
подчеркивание,1
подрывать,-1
низкооплачиваемый,-1
низкорослый,-1
понимание,1
подписывать,1
нежелательный,-1
нежелательный,-1
неразделенный,1
расстегивать,-1
бессмертный,1
стесненность,-1
беспокойный,-1
необразованный,-1
безработный,-1
неравный,-1
однозначно,1
неровный,-1
неожиданный,-1
неожиданный,1
необъяснимый,-1
недобросовестный,-1
нечестность,-1
вероломный,-1
неблагоприятный,-1
незаконченный,-1
раскрывать,1
неумолимый,-1
несчастный,-1
недружественный,-1
невыполненный,-1
немеблированный,-1
нечестивый,-1
неблагодарный,-1
несчастье,-1
несчастный,-1
нездоровый,-1
нечестивый,-1
объединение,1
равномерно,1
невообразимый,-1
невообразимый,1
неважный,-1
невпечатлен,-1
необработанный,-1
неинфицированный,1
несведущий,-1
непосвященный,-1
невдохновленный,-1
невразумительный,-1
нечаянно,-1
незаинтересованный,-1
неинтересный,-1
уникальный,1
унисон,1
унитарный,1
единый,1
единство,1
университет,1
несправедливый,-1
неоправданный,-1
необоснованный,-1
недобрый,-1
неизвестный,-1
незаконный,-1
нелицензированный,-1
неограниченный,1
несчастливый,-1
неуправляемый,-1
неестественный,-1
неофициальный,-1
неоплаченный,-1
неприятный,-1
непопулярный,-1
непредсказуемый,-1
неподготовленный,-1
неприхотливый,1
непродуктивный,-1
убыточный,-1
незащищенный,-1
неопубликованный,-1
бесспорный,1
несомненно,1
неоспоримый,1
ненадежный,-1
неоплаченный,-1
непокорный,-1
небезопасный,-1
неудовлетворительный,-1
неудовлетворенный,-1
непривлекательный,-1
невредимый,1
недобросовестный,-1
бескорыстный,1
нерешенный,-1
неприглядный,-1
наивный,-1
невыразимый,-1
неустойчивый,-1
неудачный,-1
неподходящий,-1
невоспетый,-1
не,-1
непревзойденный,1
неустойчивый,-1
несимпатичный,-1
неукрощенный,-1
несостоятельный,-1
немыслимый,-1
неопрятный,-1
развязывать,-1
развязывать,1
безвременно,-1
без,-1
бессчетный,-1
неблагоприятный,-1
неподготовленный,-1
несоответствующий,-1
ненадежный,-1
необоснованный,-1
немытый,-1
недрогнуть,1
нежеланный,-1
нездоровый,-1
нежелание,-1
неразумный,-1
невольный,-1
недостойный,-1
неподатливый,-1
переворот,-1
в,-1
в,1
подъем,1
вертикально,1
восстание,-1
г,-1
рассториться,-1
еж,-1
срочный,-1
полезность,1
бесполезный,-1
капельдинер,1
обычный,1
узурпировать,-1
узурпировать,-1
ростовщичество,-1
утилит,1
утопический,1
вакансия,-1
отпуск,1
вакцина,1
праздный,-1
расплывчавать,-1
неопределенность,-1
тщетно,-1
доблестный,1
доблесть,1
ценный,1
вампир,-1
авангардный,1
исчезать,-1
суета,-1
побеждать,1
ветряной,-1
варикозный,-1
вегетативный,-1
неистовый,-1
бархат,1
бархатистый,1
вендетта,-1
чтить,1
почитание,1
отмщение,-1
мстительный,-1
яд,-1
ядовитый,-1
правдивость,1
многословие,-1
зеленый,1
обочина,-1
проверка,1
проверять,1
истинно,1
настоящий,1
вредитель,-1
весенний,1
против,-1
головокружение,-1
живость,1
ветеран,1
вето,-1
викарий,1
вице,-1
порочный,-1
жертва,-1
виктимизация,-1
виктор,1
победоносный,1
победа,1
зоркость,1
бдительный,1
сила,1
бодрый,1
сельский,1
негодяй,-1
злодейский,-1
доказывать,1
истребование,1
мстительный,-1
нарушение,-1
насилие,-1
насильствать,-1
сильно,-1
гадюк,-1
девственница,1
девственность,1
добродетель,1
добродетельный,1
вирулентность,-1
вирус,-1
видение,1
провидец,1
посещение,1
осмотр,-1
посетитель,1
жизненно,1
жизнеспособность,1
живой,1
яркий,1
мегер,-1
запас,1
летучесть,-1
вулкан,-1
доброволец,1
сладострастный,1
рвота,-1
шаман,-1
голос,-1
голос,1
поручаться,1
клятва,1
вульгарный,-1
вульгарность,-1
уязвимость,-1
стервятник,-1
вафельный,-1
заработный,1
стенание,-1
подождать,-1
барахтаться,-1
изнурять,-1
бывать,-1
желать,-1
война,-1
смотритель,-1
изделие,-1
военный,-1
воинствать,-1
предупреждать,-1
деформировать,-1
извращать,-1
гарантия,1
воин,1
бородавка,-1
отходы,-1
впустую,-1
расточительный,-1
тратить,-1
сторожевая,1
бдительный,1
сторож,1
водонепроницать,1
водянисвать,-1
дрогнуть,-1
ослаблять,-1
слабо,-1
слабый,-1
богатство,1
носить,-1
уставать,-1
усталость,-1
утомлять,-1
от,1
сорняк,-1
плакать,-1
вес,-1
вес,1
странный,-1
чудак,-1
приветствовать,1
жировик,-1
девка,-1
сильный,-1
прихоть,-1
ныть,-1
кнут,-1
вихрь,-1
висок,-1
белый,1
бледность,1
благотворный,1
шлюха,-1
злой,-1
злобность,-1
калитка,1
широко,1
дикий,-1
дикий,-1
лесной,-1
преднамерать,-1
охотно,1
готовность,1
занудный,-1
малодушный,-1
вздрогнуть,-1
паданец,1
победитель,1
выигрыш,1
выигрыш,1
беспроводный,1
Исвать,1
мудрость,1
мудрый,1
остроумие,1
ведьма,-1
колдовство,-1
изымать,-1
увядать,-1
высохать,-1
выдерживать,1
ум,1
остроумный,1
волшебник,1
горе,-1
горестный,-1
удручающе,-1
матка,1
замечательно,1
чудесно,1
чудесный,1
слово,1
слово,-1
за,1
червь,-1
изнашивать,-1
волновать,-1
беспокоить,-1
беспокойство,-1
плохо,-1
ухудшение,-1
поклонение,1
стоимость,1
бесполезный,-1
достойный,1
WOT,1
ран,-1
пререкаться,-1
гнев,-1
сеять,-1
развалина,-1
разрушать,-1
гаечный,-1
борьба,-1
негодяй,-1
несчастный,-1
писатель,1
неправильный,-1
проступок,-1
противоправный,-1
превратно,-1
кованый,-1
перекошать,-1
ксенофобия,-1
зевать,-1
зевающий,-1
тосковать,-1
тосковать,1
вопать,-1
желтеть,-1
тявкать,-1
молодой,1
молог,1
молодежь,1
рвение,1
ревностный,1
цедро,1
застежка,-1
